title,slug,content,excerpt,date,status,category,seo_title,seo_description,focus_keyword,tags
"Dlaczego warto przyjechać do Jasła, żeby poznać polskie winnice bez objeżdżania całego kraju","dlaczego-warto-przyjechac-do-jasla-zeby-poznac-polskie-winnice-bez-objezdzania-calego-kraju","## FAQ

### Co ten artykuł mówi o enoturystyce?

Pokazuje, że wyjazd związany z winem nie musi oznaczać dalekiej podróży ani bardzo specjalistycznego planu. Winnice są tu przedstawione jako miejsca spotkania, nauki i spokojnego odkrywania regionu.

### Dla kogo taki wyjazd ma najwięcej sensu?

Dla osób, które chcą połączyć degustację z poznaniem miejsca i ludzi stojących za winem. To dobry wybór zarówno dla początkujących, jak i dla tych, którzy chcą porównać różne regiony bez pośpiechu.

### Jaką rolę ma Jasło w takim planowaniu?

Jasło może być wygodnym punktem wejścia w polskie winiarstwo, bo podczas wydarzenia Międzynarodowe Dni Wina w Jaśle w jednym miejscu spotyka się wielu producentów. To ułatwia porównanie stylów bez układania długiej trasy po kraju.

### Na co zwrócić uwagę przy wyborze winnicy lub wydarzenia?

Warto sprawdzić, czy dostępne są degustacje, rozmowy z producentami i możliwość poznania miejsca, a nie tylko samej sprzedaży wina. Najlepsze doświadczenie daje połączenie kieliszka, opowieści i realnego kontekstu regionu.

## Uwagi do tego materiału

Jeśli chcesz zgłosić korektę merytoryczną, doprecyzowanie albo sugestię zmiany, wpisz ją w formularzu recenzji.","Roboczy artykuł do recenzji merytorycznej w ramach materiałów Międzynarodowych Dni Wina w Jaśle 2026.","2026-05-18 00:00:00","draft","Polskie winiarstwo","Dlaczego warto przyjechać do Jasła,... - Miedzynarodowe Dni ","Roboczy artykuł do recenzji merytorycznej w ramach materiałów Międzynarodowych Dni Wina w Jaśle 2026. Artykul z Miedzynarodowych Dni Wina.","wino","Polskie winiarstwo; wino; MDW"
"Enoturystyka w Polsce - gdzie jesteśmy dziś na tle Europy","enoturystyka-w-polsce-gdzie-jestesmy-dzis-na-tle-europy","## FAQ

### Co ten artykuł mówi o enoturystyce?

Pokazuje, że wyjazd związany z winem nie musi oznaczać dalekiej podróży ani bardzo specjalistycznego planu. Winnice są tu przedstawione jako miejsca spotkania, nauki i spokojnego odkrywania regionu.

### Dla kogo taki wyjazd ma najwięcej sensu?

Dla osób, które chcą połączyć degustację z poznaniem miejsca i ludzi stojących za winem. To dobry wybór zarówno dla początkujących, jak i dla tych, którzy chcą porównać różne regiony bez pośpiechu.

### Jaką rolę ma Jasło w takim planowaniu?

Jasło może być wygodnym punktem wejścia w polskie winiarstwo, bo podczas wydarzenia Międzynarodowe Dni Wina w Jaśle w jednym miejscu spotyka się wielu producentów. To ułatwia porównanie stylów bez układania długiej trasy po kraju.

### Na co zwrócić uwagę przy wyborze winnicy lub wydarzenia?

Warto sprawdzić, czy dostępne są degustacje, rozmowy z producentami i możliwość poznania miejsca, a nie tylko samej sprzedaży wina. Najlepsze doświadczenie daje połączenie kieliszka, opowieści i realnego kontekstu regionu.

## Uwagi do tego materiału

Jeśli chcesz zgłosić korektę merytoryczną, doprecyzowanie albo sugestię zmiany, wpisz ją w formularzu recenzji.","Roboczy artykuł do recenzji merytorycznej w ramach materiałów Międzynarodowych Dni Wina w Jaśle 2026.","2026-05-13 00:00:00","draft","Enoturystyka","Enoturystyka w Polsce - gdzie jeste... - Miedzynarodowe Dni ","Roboczy artykuł do recenzji merytorycznej w ramach materiałów Międzynarodowych Dni Wina w Jaśle 2026. Artykul z Miedzynarodowych Dni Wina.","wino","Enoturystyka; wino; MDW; enoturystyka"
"Enoturystyka w Polsce - jak zwiedzać winnice i planować wyjazdy","enoturystyka-w-polsce-jak-zwiedzac-winnice-i-planowac-wyjazdy","## FAQ

### Co ten artykuł mówi o enoturystyce?

Pokazuje, że wyjazd związany z winem nie musi oznaczać dalekiej podróży ani bardzo specjalistycznego planu. Winnice są tu przedstawione jako miejsca spotkania, nauki i spokojnego odkrywania regionu.

### Dla kogo taki wyjazd ma najwięcej sensu?

Dla osób, które chcą połączyć degustację z poznaniem miejsca i ludzi stojących za winem. To dobry wybór zarówno dla początkujących, jak i dla tych, którzy chcą porównać różne regiony bez pośpiechu.

### Jaką rolę ma Jasło w takim planowaniu?

Jasło może być wygodnym punktem wejścia w polskie winiarstwo, bo podczas wydarzenia Międzynarodowe Dni Wina w Jaśle w jednym miejscu spotyka się wielu producentów. To ułatwia porównanie stylów bez układania długiej trasy po kraju.

### Na co zwrócić uwagę przy wyborze winnicy lub wydarzenia?

Warto sprawdzić, czy dostępne są degustacje, rozmowy z producentami i możliwość poznania miejsca, a nie tylko samej sprzedaży wina. Najlepsze doświadczenie daje połączenie kieliszka, opowieści i realnego kontekstu regionu.

## Uwagi do tego materiału

Jeśli chcesz zgłosić korektę merytoryczną, doprecyzowanie albo sugestię zmiany, wpisz ją w formularzu recenzji.","Roboczy artykuł do recenzji merytorycznej w ramach materiałów Międzynarodowych Dni Wina w Jaśle 2026.","2026-05-22 00:00:00","draft","Enoturystyka","Enoturystyka w Polsce - jak zwiedza... - Miedzynarodowe Dni ","Roboczy artykuł do recenzji merytorycznej w ramach materiałów Międzynarodowych Dni Wina w Jaśle 2026. Artykul z Miedzynarodowych Dni Wina.","wino","Enoturystyka; wino; MDW; enoturystyka"
"Gdzie w Polsce produkuje się wino - najważniejsze regiony winiarskie","gdzie-w-polsce-produkuje-sie-wino-najwazniejsze-regiony-winiarskie","## FAQ

### Co ten artykuł mówi o enoturystyce?

Pokazuje, że wyjazd związany z winem nie musi oznaczać dalekiej podróży ani bardzo specjalistycznego planu. Winnice są tu przedstawione jako miejsca spotkania, nauki i spokojnego odkrywania regionu.

### Dla kogo taki wyjazd ma najwięcej sensu?

Dla osób, które chcą połączyć degustację z poznaniem miejsca i ludzi stojących za winem. To dobry wybór zarówno dla początkujących, jak i dla tych, którzy chcą porównać różne regiony bez pośpiechu.

### Jaką rolę ma Jasło w takim planowaniu?

Jasło może być wygodnym punktem wejścia w polskie winiarstwo, bo podczas wydarzenia Międzynarodowe Dni Wina w Jaśle w jednym miejscu spotyka się wielu producentów. To ułatwia porównanie stylów bez układania długiej trasy po kraju.

### Na co zwrócić uwagę przy wyborze winnicy lub wydarzenia?

Warto sprawdzić, czy dostępne są degustacje, rozmowy z producentami i możliwość poznania miejsca, a nie tylko samej sprzedaży wina. Najlepsze doświadczenie daje połączenie kieliszka, opowieści i realnego kontekstu regionu.

## Uwagi do tego materiału

Jeśli chcesz zgłosić korektę merytoryczną, doprecyzowanie albo sugestię zmiany, wpisz ją w formularzu recenzji.","Roboczy artykuł do recenzji merytorycznej w ramach materiałów Międzynarodowych Dni Wina w Jaśle 2026.","2026-05-25 00:00:00","draft","Enoturystyka","Gdzie w Polsce produkuje się wino -... - Miedzynarodowe Dni ","Roboczy artykuł do recenzji merytorycznej w ramach materiałów Międzynarodowych Dni Wina w Jaśle 2026. Artykul z Miedzynarodowych Dni Wina.","polskie wino","Enoturystyka; wino; MDW"
"Od Dolnego Śląska po Podkarpacie - jak różnorodne są wina prezentowane podczas wydarzenia","od-dolnego-slaska-po-podkarpacie-jak-roznorodne-sa-wina-prezentowane-podczas-wydarzenia","## FAQ

### Co ten artykuł mówi o enoturystyce?

Pokazuje, że wyjazd związany z winem nie musi oznaczać dalekiej podróży ani bardzo specjalistycznego planu. Winnice są tu przedstawione jako miejsca spotkania, nauki i spokojnego odkrywania regionu.

### Dla kogo taki wyjazd ma najwięcej sensu?

Dla osób, które chcą połączyć degustację z poznaniem miejsca i ludzi stojących za winem. To dobry wybór zarówno dla początkujących, jak i dla tych, którzy chcą porównać różne regiony bez pośpiechu.

### Jaką rolę ma Jasło w takim planowaniu?

Jasło może być wygodnym punktem wejścia w polskie winiarstwo, bo podczas wydarzenia Międzynarodowe Dni Wina w Jaśle w jednym miejscu spotyka się wielu producentów. To ułatwia porównanie stylów bez układania długiej trasy po kraju.

### Na co zwrócić uwagę przy wyborze winnicy lub wydarzenia?

Warto sprawdzić, czy dostępne są degustacje, rozmowy z producentami i możliwość poznania miejsca, a nie tylko samej sprzedaży wina. Najlepsze doświadczenie daje połączenie kieliszka, opowieści i realnego kontekstu regionu.

## Uwagi do tego materiału

Jeśli chcesz zgłosić korektę merytoryczną, doprecyzowanie albo sugestię zmiany, wpisz ją w formularzu recenzji.","Roboczy artykuł do recenzji merytorycznej w ramach materiałów Międzynarodowych Dni Wina w Jaśle 2026.","2026-05-20 00:00:00","draft","Enoturystyka","Od Dolnego Śląska po Podkarpacie - ... - Miedzynarodowe Dni ","Roboczy artykuł do recenzji merytorycznej w ramach materiałów Międzynarodowych Dni Wina w Jaśle 2026. Artykul z Miedzynarodowych Dni Wina.","wino","Enoturystyka; wino; MDW"
"Polskie winnice - gdzie pojechać i czego się spodziewać","polskie-winnice-gdzie-pojechac-i-czego-sie-spodziewac","## FAQ

### Co ten artykuł mówi o enoturystyce?

Pokazuje, że wyjazd związany z winem nie musi oznaczać dalekiej podróży ani bardzo specjalistycznego planu. Winnice są tu przedstawione jako miejsca spotkania, nauki i spokojnego odkrywania regionu.

### Dla kogo taki wyjazd ma najwięcej sensu?

Dla osób, które chcą połączyć degustację z poznaniem miejsca i ludzi stojących za winem. To dobry wybór zarówno dla początkujących, jak i dla tych, którzy chcą porównać różne regiony bez pośpiechu.

### Jaką rolę ma Jasło w takim planowaniu?

Jasło może być wygodnym punktem wejścia w polskie winiarstwo, bo podczas wydarzenia Międzynarodowe Dni Wina w Jaśle w jednym miejscu spotyka się wielu producentów. To ułatwia porównanie stylów bez układania długiej trasy po kraju.

### Na co zwrócić uwagę przy wyborze winnicy lub wydarzenia?

Warto sprawdzić, czy dostępne są degustacje, rozmowy z producentami i możliwość poznania miejsca, a nie tylko samej sprzedaży wina. Najlepsze doświadczenie daje połączenie kieliszka, opowieści i realnego kontekstu regionu.

## Uwagi do tego materiału

Jeśli chcesz zgłosić korektę merytoryczną, doprecyzowanie albo sugestię zmiany, wpisz ją w formularzu recenzji.","Roboczy artykuł do recenzji merytorycznej w ramach materiałów Międzynarodowych Dni Wina w Jaśle 2026.","2026-05-29 00:00:00","draft","Polskie winiarstwo","Polskie winnice - gdzie pojechać i ... - Miedzynarodowe Dni ","Roboczy artykuł do recenzji merytorycznej w ramach materiałów Międzynarodowych Dni Wina w Jaśle 2026. Artykul z Miedzynarodowych Dni Wina.","wino","Polskie winiarstwo; wino; MDW"
"Weekend w winnicy w Polsce - jak wygląda i ile kosztuje","weekend-w-winnicy-w-polsce-jak-wyglada-i-ile-kosztuje","## FAQ

### Co ten artykuł mówi o enoturystyce?

Pokazuje, że wyjazd związany z winem nie musi oznaczać dalekiej podróży ani bardzo specjalistycznego planu. Winnice są tu przedstawione jako miejsca spotkania, nauki i spokojnego odkrywania regionu.

### Dla kogo taki wyjazd ma najwięcej sensu?

Dla osób, które chcą połączyć degustację z poznaniem miejsca i ludzi stojących za winem. To dobry wybór zarówno dla początkujących, jak i dla tych, którzy chcą porównać różne regiony bez pośpiechu.

### Jaką rolę ma Jasło w takim planowaniu?

Jasło może być wygodnym punktem wejścia w polskie winiarstwo, bo podczas wydarzenia Międzynarodowe Dni Wina w Jaśle w jednym miejscu spotyka się wielu producentów. To ułatwia porównanie stylów bez układania długiej trasy po kraju.

### Na co zwrócić uwagę przy wyborze winnicy lub wydarzenia?

Warto sprawdzić, czy dostępne są degustacje, rozmowy z producentami i możliwość poznania miejsca, a nie tylko samej sprzedaży wina. Najlepsze doświadczenie daje połączenie kieliszka, opowieści i realnego kontekstu regionu.

## Uwagi do tego materiału

Jeśli chcesz zgłosić korektę merytoryczną, doprecyzowanie albo sugestię zmiany, wpisz ją w formularzu recenzji.","Roboczy artykuł do recenzji merytorycznej w ramach materiałów Międzynarodowych Dni Wina w Jaśle 2026.","2026-06-01 00:00:00","draft","Enoturystyka","Weekend w winnicy w Polsce - jak wy... - Miedzynarodowe Dni ","Roboczy artykuł do recenzji merytorycznej w ramach materiałów Międzynarodowych Dni Wina w Jaśle 2026. Artykul z Miedzynarodowych Dni Wina.","wino","Enoturystyka; wino; MDW"
"Co zmieniło Jasielskie Stowarzyszenie Winiarzy Vinum pro cultura w regionie","co-zmienilo-jasielskie-stowarzyszenie-winiarzy-vinum-pro-cultura-w-regionie","## FAQ

### Czego dotyczy ten artykuł?

Artykuł pokazuje wybrany fragment historii, środowiska lub zaplecza winiarskiego Jasła. Pomaga zobaczyć, jak pojedyncza opowieść łączy się z szerszym obrazem polskiego winiarstwa.

### Dlaczego ten kontekst jest ważny dla uczestnika?

Uczestnik lepiej rozumie, że wydarzenie nie powstało w próżni. Za degustacją stoją ludzie, organizacje, lokalne decyzje i lata pracy, które wpływają na dzisiejszy charakter spotkania.

### Czy historia wydarzenia ma znaczenie dzisiaj?

Tak, bo pozwala zobaczyć, dlaczego Międzynarodowe Dni Wina w Jaśle mają własny rytm i rozpoznawalność. Przeszłość tłumaczy skalę wydarzenia, jego atmosferę i rolę Jasła na winiarskiej mapie Polski.

### Co warto zapamiętać po lekturze?

Najważniejsze jest to, że winiarskie Jasło powstało dzięki konsekwencji wielu osób, a nie jednemu działaniu. Ten tekst ma pomóc czytelnikowi zobaczyć zaplecze wydarzenia, które na miejscu często jest niewidoczne.

## Uwagi do tego materiału

Jeśli chcesz zgłosić korektę merytoryczną, doprecyzowanie albo sugestię zmiany, wpisz ją w formularzu recenzji.","Roboczy artykuł do recenzji merytorycznej w ramach materiałów Międzynarodowych Dni Wina w Jaśle 2026.","2026-05-27 00:00:00","draft","Jaslo i region","Co zmieniło Jasielskie Stowarzyszen... - Miedzynarodowe Dni ","Roboczy artykuł do recenzji merytorycznej w ramach materiałów Międzynarodowych Dni Wina w Jaśle 2026. Artykul z Miedzynarodowych Dni Wina.","wino","Jaslo i region; wino; MDW"
"Czego już nie ma - jak wyglądały pierwsze edycje wydarzenia","czego-juz-nie-ma-jak-wygladaly-pierwsze-edycje-wydarzenia","## FAQ

### Czego dotyczy ten artykuł?

Artykuł pokazuje wybrany fragment historii, środowiska lub zaplecza winiarskiego Jasła. Pomaga zobaczyć, jak pojedyncza opowieść łączy się z szerszym obrazem polskiego winiarstwa.

### Dlaczego ten kontekst jest ważny dla uczestnika?

Uczestnik lepiej rozumie, że wydarzenie nie powstało w próżni. Za degustacją stoją ludzie, organizacje, lokalne decyzje i lata pracy, które wpływają na dzisiejszy charakter spotkania.

### Czy historia wydarzenia ma znaczenie dzisiaj?

Tak, bo pozwala zobaczyć, dlaczego Międzynarodowe Dni Wina w Jaśle mają własny rytm i rozpoznawalność. Przeszłość tłumaczy skalę wydarzenia, jego atmosferę i rolę Jasła na winiarskiej mapie Polski.

### Co warto zapamiętać po lekturze?

Najważniejsze jest to, że winiarskie Jasło powstało dzięki konsekwencji wielu osób, a nie jednemu działaniu. Ten tekst ma pomóc czytelnikowi zobaczyć zaplecze wydarzenia, które na miejscu często jest niewidoczne.

## Uwagi do tego materiału

Jeśli chcesz zgłosić korektę merytoryczną, doprecyzowanie albo sugestię zmiany, wpisz ją w formularzu recenzji.","Roboczy artykuł do recenzji merytorycznej w ramach materiałów Międzynarodowych Dni Wina w Jaśle 2026.","2026-06-05 00:00:00","draft","Jaslo i region","Czego już nie ma - jak wyglądały pi... - Miedzynarodowe Dni ","Roboczy artykuł do recenzji merytorycznej w ramach materiałów Międzynarodowych Dni Wina w Jaśle 2026. Artykul z Miedzynarodowych Dni Wina.","wino","Jaslo i region; wino; MDW"
"Dlaczego winiarze w Jaśle działają razem","dlaczego-winiarze-w-jasle-dzialaja-razem","## FAQ

### Czego dotyczy ten artykuł?

Artykuł pokazuje wybrany fragment historii, środowiska lub zaplecza winiarskiego Jasła. Pomaga zobaczyć, jak pojedyncza opowieść łączy się z szerszym obrazem polskiego winiarstwa.

### Dlaczego ten kontekst jest ważny dla uczestnika?

Uczestnik lepiej rozumie, że wydarzenie nie powstało w próżni. Za degustacją stoją ludzie, organizacje, lokalne decyzje i lata pracy, które wpływają na dzisiejszy charakter spotkania.

### Czy historia wydarzenia ma znaczenie dzisiaj?

Tak, bo pozwala zobaczyć, dlaczego Międzynarodowe Dni Wina w Jaśle mają własny rytm i rozpoznawalność. Przeszłość tłumaczy skalę wydarzenia, jego atmosferę i rolę Jasła na winiarskiej mapie Polski.

### Co warto zapamiętać po lekturze?

Najważniejsze jest to, że winiarskie Jasło powstało dzięki konsekwencji wielu osób, a nie jednemu działaniu. Ten tekst ma pomóc czytelnikowi zobaczyć zaplecze wydarzenia, które na miejscu często jest niewidoczne.

## Uwagi do tego materiału

Jeśli chcesz zgłosić korektę merytoryczną, doprecyzowanie albo sugestię zmiany, wpisz ją w formularzu recenzji.","Roboczy artykuł do recenzji merytorycznej w ramach materiałów Międzynarodowych Dni Wina w Jaśle 2026.","2026-06-08 00:00:00","draft","Jaslo i region","Dlaczego winiarze w Jaśle działają ... - Miedzynarodowe Dni ","Roboczy artykuł do recenzji merytorycznej w ramach materiałów Międzynarodowych Dni Wina w Jaśle 2026. Artykul z Miedzynarodowych Dni Wina.","wino","Jaslo i region; wino; MDW"
"Dwadzieścia edycji Międzynarodowych Dni Wina w Jaśle - jak rosło to wydarzenie","dwadziescia-edycji-miedzynarodowych-dni-wina-w-jasle-jak-roslo-to-wydarzenie","## FAQ

### Czego dotyczy ten artykuł?

Artykuł pokazuje wybrany fragment historii, środowiska lub zaplecza winiarskiego Jasła. Pomaga zobaczyć, jak pojedyncza opowieść łączy się z szerszym obrazem polskiego winiarstwa.

### Dlaczego ten kontekst jest ważny dla uczestnika?

Uczestnik lepiej rozumie, że wydarzenie nie powstało w próżni. Za degustacją stoją ludzie, organizacje, lokalne decyzje i lata pracy, które wpływają na dzisiejszy charakter spotkania.

### Czy historia wydarzenia ma znaczenie dzisiaj?

Tak, bo pozwala zobaczyć, dlaczego Międzynarodowe Dni Wina w Jaśle mają własny rytm i rozpoznawalność. Przeszłość tłumaczy skalę wydarzenia, jego atmosferę i rolę Jasła na winiarskiej mapie Polski.

### Co warto zapamiętać po lekturze?

Najważniejsze jest to, że winiarskie Jasło powstało dzięki konsekwencji wielu osób, a nie jednemu działaniu. Ten tekst ma pomóc czytelnikowi zobaczyć zaplecze wydarzenia, które na miejscu często jest niewidoczne.

## Uwagi do tego materiału

Jeśli chcesz zgłosić korektę merytoryczną, doprecyzowanie albo sugestię zmiany, wpisz ją w formularzu recenzji.","Roboczy artykuł do recenzji merytorycznej w ramach materiałów Międzynarodowych Dni Wina w Jaśle 2026.","2026-06-03 00:00:00","draft","Wydarzenie","Dwadzieścia edycji Międzynarodowych... - Miedzynarodowe Dni ","Roboczy artykuł do recenzji merytorycznej w ramach materiałów Międzynarodowych Dni Wina w Jaśle 2026. Artykul z Miedzynarodowych Dni Wina.","wino","Wydarzenie; wino; MDW"
"Jak Jasielskie Stowarzyszenie Winiarzy Vinum pro cultura buduje winiarskie Jasło","jak-jasielskie-stowarzyszenie-winiarzy-vinum-pro-cultura-buduje-winiarskie-jaslo","## FAQ

### Czego dotyczy ten artykuł?

Artykuł pokazuje wybrany fragment historii, środowiska lub zaplecza winiarskiego Jasła. Pomaga zobaczyć, jak pojedyncza opowieść łączy się z szerszym obrazem polskiego winiarstwa.

### Dlaczego ten kontekst jest ważny dla uczestnika?

Uczestnik lepiej rozumie, że wydarzenie nie powstało w próżni. Za degustacją stoją ludzie, organizacje, lokalne decyzje i lata pracy, które wpływają na dzisiejszy charakter spotkania.

### Czy historia wydarzenia ma znaczenie dzisiaj?

Tak, bo pozwala zobaczyć, dlaczego Międzynarodowe Dni Wina w Jaśle mają własny rytm i rozpoznawalność. Przeszłość tłumaczy skalę wydarzenia, jego atmosferę i rolę Jasła na winiarskiej mapie Polski.

### Co warto zapamiętać po lekturze?

Najważniejsze jest to, że winiarskie Jasło powstało dzięki konsekwencji wielu osób, a nie jednemu działaniu. Ten tekst ma pomóc czytelnikowi zobaczyć zaplecze wydarzenia, które na miejscu często jest niewidoczne.

## Uwagi do tego materiału

Jeśli chcesz zgłosić korektę merytoryczną, doprecyzowanie albo sugestię zmiany, wpisz ją w formularzu recenzji.","Roboczy artykuł do recenzji merytorycznej w ramach materiałów Międzynarodowych Dni Wina w Jaśle 2026.","2026-06-12 00:00:00","draft","Jaslo i region","Jak Jasielskie Stowarzyszenie Winia... - Miedzynarodowe Dni ","Roboczy artykuł do recenzji merytorycznej w ramach materiałów Międzynarodowych Dni Wina w Jaśle 2026. Artykul z Miedzynarodowych Dni Wina.","wino","Jaslo i region; wino; MDW"
"Jak powstaje wino w regionie jasielskim - od uprawy do butelki","jak-powstaje-wino-w-regionie-jasielskim-od-uprawy-do-butelki","## FAQ

### Czego dotyczy ten artykuł?

Artykuł pokazuje wybrany fragment historii, środowiska lub zaplecza winiarskiego Jasła. Pomaga zobaczyć, jak pojedyncza opowieść łączy się z szerszym obrazem polskiego winiarstwa.

### Dlaczego ten kontekst jest ważny dla uczestnika?

Uczestnik lepiej rozumie, że wydarzenie nie powstało w próżni. Za degustacją stoją ludzie, organizacje, lokalne decyzje i lata pracy, które wpływają na dzisiejszy charakter spotkania.

### Czy historia wydarzenia ma znaczenie dzisiaj?

Tak, bo pozwala zobaczyć, dlaczego Międzynarodowe Dni Wina w Jaśle mają własny rytm i rozpoznawalność. Przeszłość tłumaczy skalę wydarzenia, jego atmosferę i rolę Jasła na winiarskiej mapie Polski.

### Co warto zapamiętać po lekturze?

Najważniejsze jest to, że winiarskie Jasło powstało dzięki konsekwencji wielu osób, a nie jednemu działaniu. Ten tekst ma pomóc czytelnikowi zobaczyć zaplecze wydarzenia, które na miejscu często jest niewidoczne.

## Uwagi do tego materiału

Jeśli chcesz zgłosić korektę merytoryczną, doprecyzowanie albo sugestię zmiany, wpisz ją w formularzu recenzji.","Roboczy artykuł do recenzji merytorycznej w ramach materiałów Międzynarodowych Dni Wina w Jaśle 2026.","2026-06-15 00:00:00","draft","Jaslo i region","Jak powstaje wino w regionie jasiel... - Miedzynarodowe Dni ","Roboczy artykuł do recenzji merytorycznej w ramach materiałów Międzynarodowych Dni Wina w Jaśle 2026. Artykul z Miedzynarodowych Dni Wina.","polskie wino","Jaslo i region; wino; MDW"
"Jak takie wydarzenie zmienia miasto na przykładzie Jasła","jak-takie-wydarzenie-zmienia-miasto-na-przykladzie-jasla","## FAQ

### Czego dotyczy ten artykuł?

Artykuł pokazuje wybrany fragment historii, środowiska lub zaplecza winiarskiego Jasła. Pomaga zobaczyć, jak pojedyncza opowieść łączy się z szerszym obrazem polskiego winiarstwa.

### Dlaczego ten kontekst jest ważny dla uczestnika?

Uczestnik lepiej rozumie, że wydarzenie nie powstało w próżni. Za degustacją stoją ludzie, organizacje, lokalne decyzje i lata pracy, które wpływają na dzisiejszy charakter spotkania.

### Czy historia wydarzenia ma znaczenie dzisiaj?

Tak, bo pozwala zobaczyć, dlaczego Międzynarodowe Dni Wina w Jaśle mają własny rytm i rozpoznawalność. Przeszłość tłumaczy skalę wydarzenia, jego atmosferę i rolę Jasła na winiarskiej mapie Polski.

### Co warto zapamiętać po lekturze?

Najważniejsze jest to, że winiarskie Jasło powstało dzięki konsekwencji wielu osób, a nie jednemu działaniu. Ten tekst ma pomóc czytelnikowi zobaczyć zaplecze wydarzenia, które na miejscu często jest niewidoczne.

## Uwagi do tego materiału

Jeśli chcesz zgłosić korektę merytoryczną, doprecyzowanie albo sugestię zmiany, wpisz ją w formularzu recenzji.","Roboczy artykuł do recenzji merytorycznej w ramach materiałów Międzynarodowych Dni Wina w Jaśle 2026.","2026-06-10 00:00:00","draft","Wydarzenie","Jak takie wydarzenie zmienia miasto... - Miedzynarodowe Dni ","Roboczy artykuł do recenzji merytorycznej w ramach materiałów Międzynarodowych Dni Wina w Jaśle 2026. Artykul z Miedzynarodowych Dni Wina.","wino","Wydarzenie; wino; MDW"
"Jak wygląda Jasło w trakcie Międzynarodowych Dni Wina","jak-wyglada-jaslo-w-trakcie-miedzynarodowych-dni-wina","## FAQ

### Czego dotyczy ten artykuł?

Artykuł pokazuje wybrany fragment historii, środowiska lub zaplecza winiarskiego Jasła. Pomaga zobaczyć, jak pojedyncza opowieść łączy się z szerszym obrazem polskiego winiarstwa.

### Dlaczego ten kontekst jest ważny dla uczestnika?

Uczestnik lepiej rozumie, że wydarzenie nie powstało w próżni. Za degustacją stoją ludzie, organizacje, lokalne decyzje i lata pracy, które wpływają na dzisiejszy charakter spotkania.

### Czy historia wydarzenia ma znaczenie dzisiaj?

Tak, bo pozwala zobaczyć, dlaczego Międzynarodowe Dni Wina w Jaśle mają własny rytm i rozpoznawalność. Przeszłość tłumaczy skalę wydarzenia, jego atmosferę i rolę Jasła na winiarskiej mapie Polski.

### Co warto zapamiętać po lekturze?

Najważniejsze jest to, że winiarskie Jasło powstało dzięki konsekwencji wielu osób, a nie jednemu działaniu. Ten tekst ma pomóc czytelnikowi zobaczyć zaplecze wydarzenia, które na miejscu często jest niewidoczne.

## Uwagi do tego materiału

Jeśli chcesz zgłosić korektę merytoryczną, doprecyzowanie albo sugestię zmiany, wpisz ją w formularzu recenzji.","Roboczy artykuł do recenzji merytorycznej w ramach materiałów Międzynarodowych Dni Wina w Jaśle 2026.","2026-06-19 00:00:00","draft","Jaslo i region","Jak wygląda Jasło w trakcie Międzyn... - Miedzynarodowe Dni ","Roboczy artykuł do recenzji merytorycznej w ramach materiałów Międzynarodowych Dni Wina w Jaśle 2026. Artykul z Miedzynarodowych Dni Wina.","wino","Jaslo i region; wino; MDW"
"Jak zaczęły się Międzynarodowe Dni Wina w Jaśle - historia opowiedziana przez ludzi i archiwa","jak-zaczely-sie-miedzynarodowe-dni-wina-w-jasle-historia-opowiedziana-przez-ludzi-i-archiwa","## FAQ

### Czego dotyczy ten artykuł?

Artykuł pokazuje wybrany fragment historii, środowiska lub zaplecza winiarskiego Jasła. Pomaga zobaczyć, jak pojedyncza opowieść łączy się z szerszym obrazem polskiego winiarstwa.

### Dlaczego ten kontekst jest ważny dla uczestnika?

Uczestnik lepiej rozumie, że wydarzenie nie powstało w próżni. Za degustacją stoją ludzie, organizacje, lokalne decyzje i lata pracy, które wpływają na dzisiejszy charakter spotkania.

### Czy historia wydarzenia ma znaczenie dzisiaj?

Tak, bo pozwala zobaczyć, dlaczego Międzynarodowe Dni Wina w Jaśle mają własny rytm i rozpoznawalność. Przeszłość tłumaczy skalę wydarzenia, jego atmosferę i rolę Jasła na winiarskiej mapie Polski.

### Co warto zapamiętać po lekturze?

Najważniejsze jest to, że winiarskie Jasło powstało dzięki konsekwencji wielu osób, a nie jednemu działaniu. Ten tekst ma pomóc czytelnikowi zobaczyć zaplecze wydarzenia, które na miejscu często jest niewidoczne.

## Uwagi do tego materiału

Jeśli chcesz zgłosić korektę merytoryczną, doprecyzowanie albo sugestię zmiany, wpisz ją w formularzu recenzji.","Roboczy artykuł do recenzji merytorycznej w ramach materiałów Międzynarodowych Dni Wina w Jaśle 2026.","2026-06-22 00:00:00","draft","Jaslo i region","Jak zaczęły się Międzynarodowe Dni ... - Miedzynarodowe Dni ","Roboczy artykuł do recenzji merytorycznej w ramach materiałów Międzynarodowych Dni Wina w Jaśle 2026. Artykul z Miedzynarodowych Dni Wina.","wino","Jaslo i region; wino; MDW"
"Kim jest polski winiarz - od pasji do profesjonalnej produkcji","kim-jest-polski-winiarz-od-pasji-do-profesjonalnej-produkcji","## FAQ

### Czego dotyczy ten artykuł?

Artykuł pokazuje wybrany fragment historii, środowiska lub zaplecza winiarskiego Jasła. Pomaga zobaczyć, jak pojedyncza opowieść łączy się z szerszym obrazem polskiego winiarstwa.

### Dlaczego ten kontekst jest ważny dla uczestnika?

Uczestnik lepiej rozumie, że wydarzenie nie powstało w próżni. Za degustacją stoją ludzie, organizacje, lokalne decyzje i lata pracy, które wpływają na dzisiejszy charakter spotkania.

### Czy historia wydarzenia ma znaczenie dzisiaj?

Tak, bo pozwala zobaczyć, dlaczego Międzynarodowe Dni Wina w Jaśle mają własny rytm i rozpoznawalność. Przeszłość tłumaczy skalę wydarzenia, jego atmosferę i rolę Jasła na winiarskiej mapie Polski.

### Co warto zapamiętać po lekturze?

Najważniejsze jest to, że winiarskie Jasło powstało dzięki konsekwencji wielu osób, a nie jednemu działaniu. Ten tekst ma pomóc czytelnikowi zobaczyć zaplecze wydarzenia, które na miejscu często jest niewidoczne.

## Uwagi do tego materiału

Jeśli chcesz zgłosić korektę merytoryczną, doprecyzowanie albo sugestię zmiany, wpisz ją w formularzu recenzji.","Roboczy artykuł do recenzji merytorycznej w ramach materiałów Międzynarodowych Dni Wina w Jaśle 2026.","2026-06-17 00:00:00","draft","Jaslo i region","Kim jest polski winiarz - od pasji ... - Miedzynarodowe Dni ","Roboczy artykuł do recenzji merytorycznej w ramach materiałów Międzynarodowych Dni Wina w Jaśle 2026. Artykul z Miedzynarodowych Dni Wina.","wino","Jaslo i region; wino; MDW"
"Międzynarodowe Dni Wina w Jaśle kiedyś i dziś - co się zmieniło","miedzynarodowe-dni-wina-w-jasle-kiedys-i-dzis-co-sie-zmienilo","## FAQ

### Czego dotyczy ten artykuł?

Artykuł pokazuje wybrany fragment historii, środowiska lub zaplecza winiarskiego Jasła. Pomaga zobaczyć, jak pojedyncza opowieść łączy się z szerszym obrazem polskiego winiarstwa.

### Dlaczego ten kontekst jest ważny dla uczestnika?

Uczestnik lepiej rozumie, że wydarzenie nie powstało w próżni. Za degustacją stoją ludzie, organizacje, lokalne decyzje i lata pracy, które wpływają na dzisiejszy charakter spotkania.

### Czy historia wydarzenia ma znaczenie dzisiaj?

Tak, bo pozwala zobaczyć, dlaczego Międzynarodowe Dni Wina w Jaśle mają własny rytm i rozpoznawalność. Przeszłość tłumaczy skalę wydarzenia, jego atmosferę i rolę Jasła na winiarskiej mapie Polski.

### Co warto zapamiętać po lekturze?

Najważniejsze jest to, że winiarskie Jasło powstało dzięki konsekwencji wielu osób, a nie jednemu działaniu. Ten tekst ma pomóc czytelnikowi zobaczyć zaplecze wydarzenia, które na miejscu często jest niewidoczne.

## Uwagi do tego materiału

Jeśli chcesz zgłosić korektę merytoryczną, doprecyzowanie albo sugestię zmiany, wpisz ją w formularzu recenzji.","Roboczy artykuł do recenzji merytorycznej w ramach materiałów Międzynarodowych Dni Wina w Jaśle 2026.","2026-06-26 00:00:00","draft","Jaslo i region","Międzynarodowe Dni Wina w Jaśle kie... - Miedzynarodowe Dni ","Roboczy artykuł do recenzji merytorycznej w ramach materiałów Międzynarodowych Dni Wina w Jaśle 2026. Artykul z Miedzynarodowych Dni Wina.","wino","Jaslo i region; wino; MDW"
"Winiarze Międzynarodowych Dni Wina w Jaśle - kogo tu spotkasz","winiarze-miedzynarodowych-dni-wina-w-jasle-kogo-tu-spotkasz","## FAQ

### Czego dotyczy ten artykuł?

Artykuł pokazuje wybrany fragment historii, środowiska lub zaplecza winiarskiego Jasła. Pomaga zobaczyć, jak pojedyncza opowieść łączy się z szerszym obrazem polskiego winiarstwa.

### Dlaczego ten kontekst jest ważny dla uczestnika?

Uczestnik lepiej rozumie, że wydarzenie nie powstało w próżni. Za degustacją stoją ludzie, organizacje, lokalne decyzje i lata pracy, które wpływają na dzisiejszy charakter spotkania.

### Czy historia wydarzenia ma znaczenie dzisiaj?

Tak, bo pozwala zobaczyć, dlaczego Międzynarodowe Dni Wina w Jaśle mają własny rytm i rozpoznawalność. Przeszłość tłumaczy skalę wydarzenia, jego atmosferę i rolę Jasła na winiarskiej mapie Polski.

### Co warto zapamiętać po lekturze?

Najważniejsze jest to, że winiarskie Jasło powstało dzięki konsekwencji wielu osób, a nie jednemu działaniu. Ten tekst ma pomóc czytelnikowi zobaczyć zaplecze wydarzenia, które na miejscu często jest niewidoczne.

## Uwagi do tego materiału

Jeśli chcesz zgłosić korektę merytoryczną, doprecyzowanie albo sugestię zmiany, wpisz ją w formularzu recenzji.","Roboczy artykuł do recenzji merytorycznej w ramach materiałów Międzynarodowych Dni Wina w Jaśle 2026.","2026-06-29 00:00:00","draft","Jaslo i region","Winiarze Międzynarodowych Dni Wina ... - Miedzynarodowe Dni ","Roboczy artykuł do recenzji merytorycznej w ramach materiałów Międzynarodowych Dni Wina w Jaśle 2026. Artykul z Miedzynarodowych Dni Wina.","wino","Jaslo i region; wino; MDW"
"Winiarze z całej Polski na Międzynarodowych Dniach Wina w Jaśle - przegląd regionów i stylów","winiarze-z-calej-polski-na-miedzynarodowych-dniach-wina-w-jasle-przeglad-regionow-i-stylow","## FAQ

### Czego dotyczy ten artykuł?

Artykuł pokazuje wybrany fragment historii, środowiska lub zaplecza winiarskiego Jasła. Pomaga zobaczyć, jak pojedyncza opowieść łączy się z szerszym obrazem polskiego winiarstwa.

### Dlaczego ten kontekst jest ważny dla uczestnika?

Uczestnik lepiej rozumie, że wydarzenie nie powstało w próżni. Za degustacją stoją ludzie, organizacje, lokalne decyzje i lata pracy, które wpływają na dzisiejszy charakter spotkania.

### Czy historia wydarzenia ma znaczenie dzisiaj?

Tak, bo pozwala zobaczyć, dlaczego Międzynarodowe Dni Wina w Jaśle mają własny rytm i rozpoznawalność. Przeszłość tłumaczy skalę wydarzenia, jego atmosferę i rolę Jasła na winiarskiej mapie Polski.

### Co warto zapamiętać po lekturze?

Najważniejsze jest to, że winiarskie Jasło powstało dzięki konsekwencji wielu osób, a nie jednemu działaniu. Ten tekst ma pomóc czytelnikowi zobaczyć zaplecze wydarzenia, które na miejscu często jest niewidoczne.

## Uwagi do tego materiału

Jeśli chcesz zgłosić korektę merytoryczną, doprecyzowanie albo sugestię zmiany, wpisz ją w formularzu recenzji.","Roboczy artykuł do recenzji merytorycznej w ramach materiałów Międzynarodowych Dni Wina w Jaśle 2026.","2026-06-24 00:00:00","draft","Jaslo i region","Winiarze z całej Polski na Międzyna... - Miedzynarodowe Dni ","Roboczy artykuł do recenzji merytorycznej w ramach materiałów Międzynarodowych Dni Wina w Jaśle 2026. Artykul z Miedzynarodowych Dni Wina.","wino","Jaslo i region; wino; MDW"
"Czy klimat w Polsce sprzyja produkcji wina - wyzwania i możliwości","czy-klimat-w-polsce-sprzyja-produkcji-wina-wyzwania-i-mozliwosci","## FAQ

### Co ten artykuł pomaga zrozumieć o polskim winie?

Tekst pokazuje, że polskie wino nie jest jedną prostą kategorią. Ważne są klimat, skala produkcji, decyzje winiarzy i to, jak szybko zmienia się jakość oraz styl win.

### Dlaczego warto znać ten kontekst przed degustacją?

Dzięki temu łatwiej rozumieć, skąd biorą się różnice między winami z poszczególnych winnic. Uczestnik nie musi znać terminologii, ale zyskuje punkt zaczepienia do rozmowy i porównywania kieliszków.

### Czy ta wiedza przydaje się podczas wydarzenia w Jaśle?

Tak, bo wydarzenie Międzynarodowe Dni Wina w Jaśle pozwala zobaczyć ten temat w praktyce, nie tylko w opisie. Można porównać style, zapytać producentów o ich decyzje i sprawdzić, jak teoria przekłada się na konkretne wino.

### Od czego zacząć, jeśli temat jest nowy?

Najlepiej zacząć od prostego porównania kilku win i spokojnego zadawania pytań. Ten artykuł ma dać podstawy, a nie zamykać temat w jednej definicji.

## Uwagi do tego materiału

Jeśli chcesz zgłosić korektę merytoryczną, doprecyzowanie albo sugestię zmiany, wpisz ją w formularzu recenzji.","Roboczy artykuł do recenzji merytorycznej w ramach materiałów Międzynarodowych Dni Wina w Jaśle 2026.","2026-07-03 00:00:00","draft","Polskie winiarstwo","Czy klimat w Polsce sprzyja produkc... - Miedzynarodowe Dni ","Roboczy artykuł do recenzji merytorycznej w ramach materiałów Międzynarodowych Dni Wina w Jaśle 2026. Artykul z Miedzynarodowych Dni Wina.","wino","Polskie winiarstwo; wino; MDW"
"Czy Polska ma swój styl wina - jak rozpoznawalne są polskie wina","czy-polska-ma-swoj-styl-wina-jak-rozpoznawalne-sa-polskie-wina","## FAQ

### Co ten artykuł pomaga zrozumieć o polskim winie?

Tekst pokazuje, że polskie wino nie jest jedną prostą kategorią. Ważne są klimat, skala produkcji, decyzje winiarzy i to, jak szybko zmienia się jakość oraz styl win.

### Dlaczego warto znać ten kontekst przed degustacją?

Dzięki temu łatwiej rozumieć, skąd biorą się różnice między winami z poszczególnych winnic. Uczestnik nie musi znać terminologii, ale zyskuje punkt zaczepienia do rozmowy i porównywania kieliszków.

### Czy ta wiedza przydaje się podczas wydarzenia w Jaśle?

Tak, bo wydarzenie Międzynarodowe Dni Wina w Jaśle pozwala zobaczyć ten temat w praktyce, nie tylko w opisie. Można porównać style, zapytać producentów o ich decyzje i sprawdzić, jak teoria przekłada się na konkretne wino.

### Od czego zacząć, jeśli temat jest nowy?

Najlepiej zacząć od prostego porównania kilku win i spokojnego zadawania pytań. Ten artykuł ma dać podstawy, a nie zamykać temat w jednej definicji.

## Uwagi do tego materiału

Jeśli chcesz zgłosić korektę merytoryczną, doprecyzowanie albo sugestię zmiany, wpisz ją w formularzu recenzji.","Roboczy artykuł do recenzji merytorycznej w ramach materiałów Międzynarodowych Dni Wina w Jaśle 2026.","2026-07-06 00:00:00","draft","Polskie winiarstwo","Czy Polska ma swój styl wina - jak ... - Miedzynarodowe Dni ","Roboczy artykuł do recenzji merytorycznej w ramach materiałów Międzynarodowych Dni Wina w Jaśle 2026. Artykul z Miedzynarodowych Dni Wina.","wino","Polskie winiarstwo; wino; MDW"
"Czy polskie wino jest dobre - jak zmieniła się jego jakość na przestrzeni lat","czy-polskie-wino-jest-dobre-jak-zmienila-sie-jego-jakosc-na-przestrzeni-lat","## FAQ

### Co ten artykuł pomaga zrozumieć o polskim winie?

Tekst pokazuje, że polskie wino nie jest jedną prostą kategorią. Ważne są klimat, skala produkcji, decyzje winiarzy i to, jak szybko zmienia się jakość oraz styl win.

### Dlaczego warto znać ten kontekst przed degustacją?

Dzięki temu łatwiej rozumieć, skąd biorą się różnice między winami z poszczególnych winnic. Uczestnik nie musi znać terminologii, ale zyskuje punkt zaczepienia do rozmowy i porównywania kieliszków.

### Czy ta wiedza przydaje się podczas wydarzenia w Jaśle?

Tak, bo wydarzenie Międzynarodowe Dni Wina w Jaśle pozwala zobaczyć ten temat w praktyce, nie tylko w opisie. Można porównać style, zapytać producentów o ich decyzje i sprawdzić, jak teoria przekłada się na konkretne wino.

### Od czego zacząć, jeśli temat jest nowy?

Najlepiej zacząć od prostego porównania kilku win i spokojnego zadawania pytań. Ten artykuł ma dać podstawy, a nie zamykać temat w jednej definicji.

## Uwagi do tego materiału

Jeśli chcesz zgłosić korektę merytoryczną, doprecyzowanie albo sugestię zmiany, wpisz ją w formularzu recenzji.","Roboczy artykuł do recenzji merytorycznej w ramach materiałów Międzynarodowych Dni Wina w Jaśle 2026.","2026-07-01 00:00:00","draft","Polskie winiarstwo","Czy polskie wino jest dobre - jak z... - Miedzynarodowe Dni ","Roboczy artykuł do recenzji merytorycznej w ramach materiałów Międzynarodowych Dni Wina w Jaśle 2026. Artykul z Miedzynarodowych Dni Wina.","polskie wino","Polskie winiarstwo; wino; MDW"
"Dlaczego małe winnice działają inaczej niż duże marki","dlaczego-male-winnice-dzialaja-inaczej-niz-duze-marki","## FAQ

### Co ten artykuł pomaga zrozumieć o polskim winie?

Tekst pokazuje, że polskie wino nie jest jedną prostą kategorią. Ważne są klimat, skala produkcji, decyzje winiarzy i to, jak szybko zmienia się jakość oraz styl win.

### Dlaczego warto znać ten kontekst przed degustacją?

Dzięki temu łatwiej rozumieć, skąd biorą się różnice między winami z poszczególnych winnic. Uczestnik nie musi znać terminologii, ale zyskuje punkt zaczepienia do rozmowy i porównywania kieliszków.

### Czy ta wiedza przydaje się podczas wydarzenia w Jaśle?

Tak, bo wydarzenie Międzynarodowe Dni Wina w Jaśle pozwala zobaczyć ten temat w praktyce, nie tylko w opisie. Można porównać style, zapytać producentów o ich decyzje i sprawdzić, jak teoria przekłada się na konkretne wino.

### Od czego zacząć, jeśli temat jest nowy?

Najlepiej zacząć od prostego porównania kilku win i spokojnego zadawania pytań. Ten artykuł ma dać podstawy, a nie zamykać temat w jednej definicji.

## Uwagi do tego materiału

Jeśli chcesz zgłosić korektę merytoryczną, doprecyzowanie albo sugestię zmiany, wpisz ją w formularzu recenzji.","Roboczy artykuł do recenzji merytorycznej w ramach materiałów Międzynarodowych Dni Wina w Jaśle 2026.","2026-07-10 00:00:00","draft","Polskie winiarstwo","Dlaczego małe winnice działają inac... - Miedzynarodowe Dni ","Roboczy artykuł do recenzji merytorycznej w ramach materiałów Międzynarodowych Dni Wina w Jaśle 2026. Artykul z Miedzynarodowych Dni Wina.","wino","Polskie winiarstwo; wino; MDW"
"Jakie odmiany winorośli uprawia się w Polsce - przegląd najważniejszych szczepów","jakie-odmiany-winorosli-uprawia-sie-w-polsce-przeglad-najwazniejszych-szczepow","## FAQ

### Co ten artykuł pomaga zrozumieć o polskim winie?

Tekst pokazuje, że polskie wino nie jest jedną prostą kategorią. Ważne są klimat, skala produkcji, decyzje winiarzy i to, jak szybko zmienia się jakość oraz styl win.

### Dlaczego warto znać ten kontekst przed degustacją?

Dzięki temu łatwiej rozumieć, skąd biorą się różnice między winami z poszczególnych winnic. Uczestnik nie musi znać terminologii, ale zyskuje punkt zaczepienia do rozmowy i porównywania kieliszków.

### Czy ta wiedza przydaje się podczas wydarzenia w Jaśle?

Tak, bo wydarzenie Międzynarodowe Dni Wina w Jaśle pozwala zobaczyć ten temat w praktyce, nie tylko w opisie. Można porównać style, zapytać producentów o ich decyzje i sprawdzić, jak teoria przekłada się na konkretne wino.

### Od czego zacząć, jeśli temat jest nowy?

Najlepiej zacząć od prostego porównania kilku win i spokojnego zadawania pytań. Ten artykuł ma dać podstawy, a nie zamykać temat w jednej definicji.

## Uwagi do tego materiału

Jeśli chcesz zgłosić korektę merytoryczną, doprecyzowanie albo sugestię zmiany, wpisz ją w formularzu recenzji.","Roboczy artykuł do recenzji merytorycznej w ramach materiałów Międzynarodowych Dni Wina w Jaśle 2026.","2026-07-13 00:00:00","draft","Polskie winiarstwo","Jakie odmiany winorośli uprawia się... - Miedzynarodowe Dni ","Roboczy artykuł do recenzji merytorycznej w ramach materiałów Międzynarodowych Dni Wina w Jaśle 2026. Artykul z Miedzynarodowych Dni Wina.","polskie wino","Polskie winiarstwo; wino; MDW"
"Jak klimat Podkarpacia wpływa na wina z regionu","jak-klimat-podkarpacia-wplywa-na-wina-z-regionu","## FAQ

### Co ten artykuł pomaga zrozumieć o polskim winie?

Tekst pokazuje, że polskie wino nie jest jedną prostą kategorią. Ważne są klimat, skala produkcji, decyzje winiarzy i to, jak szybko zmienia się jakość oraz styl win.

### Dlaczego warto znać ten kontekst przed degustacją?

Dzięki temu łatwiej rozumieć, skąd biorą się różnice między winami z poszczególnych winnic. Uczestnik nie musi znać terminologii, ale zyskuje punkt zaczepienia do rozmowy i porównywania kieliszków.

### Czy ta wiedza przydaje się podczas wydarzenia w Jaśle?

Tak, bo wydarzenie Międzynarodowe Dni Wina w Jaśle pozwala zobaczyć ten temat w praktyce, nie tylko w opisie. Można porównać style, zapytać producentów o ich decyzje i sprawdzić, jak teoria przekłada się na konkretne wino.

### Od czego zacząć, jeśli temat jest nowy?

Najlepiej zacząć od prostego porównania kilku win i spokojnego zadawania pytań. Ten artykuł ma dać podstawy, a nie zamykać temat w jednej definicji.

## Uwagi do tego materiału

Jeśli chcesz zgłosić korektę merytoryczną, doprecyzowanie albo sugestię zmiany, wpisz ją w formularzu recenzji.","Roboczy artykuł do recenzji merytorycznej w ramach materiałów Międzynarodowych Dni Wina w Jaśle 2026.","2026-07-08 00:00:00","draft","Polskie winiarstwo","Jak klimat Podkarpacia wpływa na wi... - Miedzynarodowe Dni ","Roboczy artykuł do recenzji merytorycznej w ramach materiałów Międzynarodowych Dni Wina w Jaśle 2026. Artykul z Miedzynarodowych Dni Wina.","wino","Polskie winiarstwo; wino; MDW"
"Jak rozwija się polskie winiarstwo w ostatnich latach - liczby, trendy i kierunki","jak-rozwija-sie-polskie-winiarstwo-w-ostatnich-latach-liczby-trendy-i-kierunki","## Liczby, które pokazują skalę zmiany

Najprościej zacząć od faktów. Jeszcze na początku lat 2010 liczba zarejestrowanych winnic w Polsce była liczona w dziesiątkach. Dziś mówimy o kilkuset producentach, a areał upraw rośnie z roku na rok. To nie jest chwilowy trend, tylko systematyczny wzrost, który utrzymuje się od ponad dekady.

Co istotne, zmienia się nie tylko liczba winnic, ale też ich charakter. Coraz więcej z nich działa w sposób uporządkowany - z rejestracją, kontrolą jakości, świadomą produkcją i sprzedażą. To oznacza przejście od hobby do pełnoprawnej działalności rolniczo-produkcyjnej.

## Od ilości do jakości

Pierwsza faza rozwoju polskiego winiarstwa to był moment „sprawdzania, czy się da”. Druga - ta, w której jesteśmy teraz - to etap świadomego budowania jakości.

Winiarze inwestują w wiedzę, technologie, konsultacje enologiczne. Coraz częściej pojawiają się osoby z doświadczeniem zdobytym za granicą, które wracają i wdrażają sprawdzone rozwiązania w polskich warunkach. Efekt? Wina są bardziej powtarzalne, stabilne i po prostu lepsze.

To widać również w konkursach. Polskie wina coraz częściej zdobywają nagrody - nie jako egzotyka, ale jako pełnoprawni uczestnicy rywalizacji.

## Nowe pokolenie winiarzy

Zmienia się też profil ludzi, którzy stoją za winem. Obok pionierów, którzy zaczynali kilkadziesiąt lat temu, pojawia się nowe pokolenie - często z innym podejściem.

To osoby, które:

- myślą o winie jednocześnie jako o produkcie i doświadczeniu
- rozumieją marketing, komunikację i sprzedaż
- budują relacje z odbiorcą, nie tylko sprzedają butelki

Dla nich winnica to nie tylko miejsce produkcji, ale też przestrzeń spotkań, degustacji, wydarzeń. I tu zaczyna się kolejny ważny wątek.

## Enoturystyka jako naturalny kierunek rozwoju

Wraz z rozwojem winnic rośnie enoturystyka. Coraz więcej miejsc zaprasza nie tylko na zakup wina, ale na doświadczenie - degustacje, spacery po winnicy, warsztaty.

To zmienia sposób, w jaki odbieramy wino. Przestaje być tylko produktem, a zaczyna być historią, miejscem, relacją z człowiekiem, który je tworzy.

I to właśnie ten element - spotkanie z winiarzem - staje się jednym z najmocniejszych punktów całego sektora.

## Klimat - wyzwanie, które staje się atutem

Nie da się mówić o polskim winie bez klimatu. To wciąż jeden z największych czynników ryzyka - krótszy sezon, przymrozki, zmienność pogody.

Ale jednocześnie to właśnie klimat buduje charakter tych win. Wyższa kwasowość, świeżość, lekkość - to cechy, które coraz częściej są postrzegane jako zaleta, a nie ograniczenie.

Do tego dochodzi zmiana klimatu, która - niezależnie od szerszych konsekwencji - sprawia, że warunki do uprawy winorośli w Polsce stają się bardziej stabilne niż jeszcze kilkanaście lat temu.

## Rynek, który dopiero się układa

Mimo dynamicznego rozwoju, polskie winiarstwo wciąż jest na etapie budowania rynku.

Produkcja jest niewielka w porównaniu do krajów o długiej tradycji winiarskiej, dystrybucja bywa ograniczona, a przepisy - choć poprawiane - nadal stanowią wyzwanie.

Ale jednocześnie rośnie świadomość konsumentów. Coraz więcej osób szuka lokalnych produktów, chce wiedzieć skąd pochodzi wino i kto je zrobił. To zmienia zasady gry.

## W jakim kierunku to idzie

Patrząc na ostatnie lata, widać kilka wyraźnych kierunków:

- dalszy wzrost liczby winnic, ale bardziej kontrolowany
- nacisk na jakość i powtarzalność
- rozwój enoturystyki
- budowanie rozpoznawalności polskich win
- coraz większa obecność w konkursach i mediach branżowych

To nie jest już etap „czy się uda”. To etap „jak to zrobić dobrze i na większą skalę”.

## Dlaczego to widać najlepiej w jednym miejscu

To wszystko - liczby, ludzie, style, podejścia - najłatwiej zobaczyć w jednym miejscu. Nie w tabelach i raportach, tylko w rozmowach, kieliszkach i konkretnych winach.

Właśnie dlatego wydarzenia takie jak Międzynarodowe Dni Wina w Jaśle mają znaczenie większe niż tylko festiwalowe. To moment, w którym można zobaczyć, gdzie naprawdę jesteśmy jako kraj winiarski.

Nie w teorii. W praktyce.

## FAQ

### Co ten artykuł pomaga zrozumieć o polskim winie?

Tekst pokazuje, że polskie wino nie jest jedną prostą kategorią. Ważne są klimat, skala produkcji, decyzje winiarzy i to, jak szybko zmienia się jakość oraz styl win.

### Dlaczego warto znać ten kontekst przed degustacją?

Dzięki temu łatwiej rozumieć, skąd biorą się różnice między winami z poszczególnych winnic. Uczestnik nie musi znać terminologii, ale zyskuje punkt zaczepienia do rozmowy i porównywania kieliszków.

### Czy ta wiedza przydaje się podczas wydarzenia w Jaśle?

Tak, bo wydarzenie Międzynarodowe Dni Wina w Jaśle pozwala zobaczyć ten temat w praktyce, nie tylko w opisie. Można porównać style, zapytać producentów o ich decyzje i sprawdzić, jak teoria przekłada się na konkretne wino.

### Od czego zacząć, jeśli temat jest nowy?

Najlepiej zacząć od prostego porównania kilku win i spokojnego zadawania pytań. Ten artykuł ma dać podstawy, a nie zamykać temat w jednej definicji.

## Uwagi do tego materiału

Jeśli chcesz zgłosić korektę merytoryczną, doprecyzowanie albo sugestię zmiany, wpisz ją w formularzu recenzji.","Roboczy artykuł do recenzji merytorycznej w ramach materiałów Międzynarodowych Dni Wina w Jaśle 2026.","2026-07-17 00:00:00","draft","Polskie winiarstwo","Jak rozwija się polskie winiarstwo ... - Miedzynarodowe Dni ","Roboczy artykuł do recenzji merytorycznej w ramach materiałów Międzynarodowych Dni Wina w Jaśle 2026. Artykul z Miedzynarodowych Dni Wina.","wino","Polskie winiarstwo; wino; MDW"
"Jak wygląda przyszłość polskiego winiarstwa - prognozy i kierunki rozwoju","jak-wyglada-przyszlosc-polskiego-winiarstwa-prognozy-i-kierunki-rozwoju","## FAQ

### Co ten artykuł pomaga zrozumieć o polskim winie?

Tekst pokazuje, że polskie wino nie jest jedną prostą kategorią. Ważne są klimat, skala produkcji, decyzje winiarzy i to, jak szybko zmienia się jakość oraz styl win.

### Dlaczego warto znać ten kontekst przed degustacją?

Dzięki temu łatwiej rozumieć, skąd biorą się różnice między winami z poszczególnych winnic. Uczestnik nie musi znać terminologii, ale zyskuje punkt zaczepienia do rozmowy i porównywania kieliszków.

### Czy ta wiedza przydaje się podczas wydarzenia w Jaśle?

Tak, bo wydarzenie Międzynarodowe Dni Wina w Jaśle pozwala zobaczyć ten temat w praktyce, nie tylko w opisie. Można porównać style, zapytać producentów o ich decyzje i sprawdzić, jak teoria przekłada się na konkretne wino.

### Od czego zacząć, jeśli temat jest nowy?

Najlepiej zacząć od prostego porównania kilku win i spokojnego zadawania pytań. Ten artykuł ma dać podstawy, a nie zamykać temat w jednej definicji.

## Uwagi do tego materiału

Jeśli chcesz zgłosić korektę merytoryczną, doprecyzowanie albo sugestię zmiany, wpisz ją w formularzu recenzji.","Roboczy artykuł do recenzji merytorycznej w ramach materiałów Międzynarodowych Dni Wina w Jaśle 2026.","2026-07-20 00:00:00","draft","Polskie winiarstwo","Jak wygląda przyszłość polskiego wi... - Miedzynarodowe Dni ","Roboczy artykuł do recenzji merytorycznej w ramach materiałów Międzynarodowych Dni Wina w Jaśle 2026. Artykul z Miedzynarodowych Dni Wina.","wino","Polskie winiarstwo; wino; MDW"
"Jak wygląda rynek wina w Polsce - produkcja, sprzedaż i trendy","jak-wyglada-rynek-wina-w-polsce-produkcja-sprzedaz-i-trendy","## FAQ

### Co ten artykuł pomaga zrozumieć o polskim winie?

Tekst pokazuje, że polskie wino nie jest jedną prostą kategorią. Ważne są klimat, skala produkcji, decyzje winiarzy i to, jak szybko zmienia się jakość oraz styl win.

### Dlaczego warto znać ten kontekst przed degustacją?

Dzięki temu łatwiej rozumieć, skąd biorą się różnice między winami z poszczególnych winnic. Uczestnik nie musi znać terminologii, ale zyskuje punkt zaczepienia do rozmowy i porównywania kieliszków.

### Czy ta wiedza przydaje się podczas wydarzenia w Jaśle?

Tak, bo wydarzenie Międzynarodowe Dni Wina w Jaśle pozwala zobaczyć ten temat w praktyce, nie tylko w opisie. Można porównać style, zapytać producentów o ich decyzje i sprawdzić, jak teoria przekłada się na konkretne wino.

### Od czego zacząć, jeśli temat jest nowy?

Najlepiej zacząć od prostego porównania kilku win i spokojnego zadawania pytań. Ten artykuł ma dać podstawy, a nie zamykać temat w jednej definicji.

## Uwagi do tego materiału

Jeśli chcesz zgłosić korektę merytoryczną, doprecyzowanie albo sugestię zmiany, wpisz ją w formularzu recenzji.","Roboczy artykuł do recenzji merytorycznej w ramach materiałów Międzynarodowych Dni Wina w Jaśle 2026.","2026-07-15 00:00:00","draft","Polskie winiarstwo","Jak wygląda rynek wina w Polsce - p... - Miedzynarodowe Dni ","Roboczy artykuł do recenzji merytorycznej w ramach materiałów Międzynarodowych Dni Wina w Jaśle 2026. Artykul z Miedzynarodowych Dni Wina.","wino","Polskie winiarstwo; wino; MDW"
"Jak zmieniają się gusta Polaków jeśli chodzi o wino","jak-zmieniaja-sie-gusta-polakow-jesli-chodzi-o-wino","## FAQ

### Co ten artykuł pomaga zrozumieć o polskim winie?

Tekst pokazuje, że polskie wino nie jest jedną prostą kategorią. Ważne są klimat, skala produkcji, decyzje winiarzy i to, jak szybko zmienia się jakość oraz styl win.

### Dlaczego warto znać ten kontekst przed degustacją?

Dzięki temu łatwiej rozumieć, skąd biorą się różnice między winami z poszczególnych winnic. Uczestnik nie musi znać terminologii, ale zyskuje punkt zaczepienia do rozmowy i porównywania kieliszków.

### Czy ta wiedza przydaje się podczas wydarzenia w Jaśle?

Tak, bo wydarzenie Międzynarodowe Dni Wina w Jaśle pozwala zobaczyć ten temat w praktyce, nie tylko w opisie. Można porównać style, zapytać producentów o ich decyzje i sprawdzić, jak teoria przekłada się na konkretne wino.

### Od czego zacząć, jeśli temat jest nowy?

Najlepiej zacząć od prostego porównania kilku win i spokojnego zadawania pytań. Ten artykuł ma dać podstawy, a nie zamykać temat w jednej definicji.

## Uwagi do tego materiału

Jeśli chcesz zgłosić korektę merytoryczną, doprecyzowanie albo sugestię zmiany, wpisz ją w formularzu recenzji.","Roboczy artykuł do recenzji merytorycznej w ramach materiałów Międzynarodowych Dni Wina w Jaśle 2026.","2026-07-24 00:00:00","draft","Polskie winiarstwo","Jak zmieniają się gusta Polaków jeś... - Miedzynarodowe Dni ","Roboczy artykuł do recenzji merytorycznej w ramach materiałów Międzynarodowych Dni Wina w Jaśle 2026. Artykul z Miedzynarodowych Dni Wina.","polskie wino","Polskie winiarstwo; wino; MDW"
"Małe winnice w Polsce - jak działają i czym różnią się od dużych producentów","male-winnice-w-polsce-jak-dzialaja-i-czym-roznia-sie-od-duzych-producentow","## FAQ

### Co ten artykuł pomaga zrozumieć o polskim winie?

Tekst pokazuje, że polskie wino nie jest jedną prostą kategorią. Ważne są klimat, skala produkcji, decyzje winiarzy i to, jak szybko zmienia się jakość oraz styl win.

### Dlaczego warto znać ten kontekst przed degustacją?

Dzięki temu łatwiej rozumieć, skąd biorą się różnice między winami z poszczególnych winnic. Uczestnik nie musi znać terminologii, ale zyskuje punkt zaczepienia do rozmowy i porównywania kieliszków.

### Czy ta wiedza przydaje się podczas wydarzenia w Jaśle?

Tak, bo wydarzenie Międzynarodowe Dni Wina w Jaśle pozwala zobaczyć ten temat w praktyce, nie tylko w opisie. Można porównać style, zapytać producentów o ich decyzje i sprawdzić, jak teoria przekłada się na konkretne wino.

### Od czego zacząć, jeśli temat jest nowy?

Najlepiej zacząć od prostego porównania kilku win i spokojnego zadawania pytań. Ten artykuł ma dać podstawy, a nie zamykać temat w jednej definicji.

## Uwagi do tego materiału

Jeśli chcesz zgłosić korektę merytoryczną, doprecyzowanie albo sugestię zmiany, wpisz ją w formularzu recenzji.","Roboczy artykuł do recenzji merytorycznej w ramach materiałów Międzynarodowych Dni Wina w Jaśle 2026.","2026-07-27 00:00:00","draft","Polskie winiarstwo","Małe winnice w Polsce - jak działaj... - Miedzynarodowe Dni ","Roboczy artykuł do recenzji merytorycznej w ramach materiałów Międzynarodowych Dni Wina w Jaśle 2026. Artykul z Miedzynarodowych Dni Wina.","wino","Polskie winiarstwo; wino; MDW"
"Odmiany winorośli uprawiane w okolicach Jasła - co warto wiedzieć jako uczestnik wydarzenia","odmiany-winorosli-uprawiane-w-okolicach-jasla-co-warto-wiedziec-jako-uczestnik-wydarzenia","## FAQ

### Co ten artykuł pomaga zrozumieć o polskim winie?

Tekst pokazuje, że polskie wino nie jest jedną prostą kategorią. Ważne są klimat, skala produkcji, decyzje winiarzy i to, jak szybko zmienia się jakość oraz styl win.

### Dlaczego warto znać ten kontekst przed degustacją?

Dzięki temu łatwiej rozumieć, skąd biorą się różnice między winami z poszczególnych winnic. Uczestnik nie musi znać terminologii, ale zyskuje punkt zaczepienia do rozmowy i porównywania kieliszków.

### Czy ta wiedza przydaje się podczas wydarzenia w Jaśle?

Tak, bo wydarzenie Międzynarodowe Dni Wina w Jaśle pozwala zobaczyć ten temat w praktyce, nie tylko w opisie. Można porównać style, zapytać producentów o ich decyzje i sprawdzić, jak teoria przekłada się na konkretne wino.

### Od czego zacząć, jeśli temat jest nowy?

Najlepiej zacząć od prostego porównania kilku win i spokojnego zadawania pytań. Ten artykuł ma dać podstawy, a nie zamykać temat w jednej definicji.

## Uwagi do tego materiału

Jeśli chcesz zgłosić korektę merytoryczną, doprecyzowanie albo sugestię zmiany, wpisz ją w formularzu recenzji.","Roboczy artykuł do recenzji merytorycznej w ramach materiałów Międzynarodowych Dni Wina w Jaśle 2026.","2026-07-22 00:00:00","draft","Uczestnik i degustacja","Odmiany winorośli uprawiane w okoli... - Miedzynarodowe Dni ","Roboczy artykuł do recenzji merytorycznej w ramach materiałów Międzynarodowych Dni Wina w Jaśle 2026. Artykul z Miedzynarodowych Dni Wina.","polskie wino","Uczestnik i degustacja; wino; MDW; degustacja"
"Polskie wino - co warto wiedzieć na początek","polskie-wino-co-warto-wiedziec-na-poczatek","## FAQ

### Co ten artykuł pomaga zrozumieć o polskim winie?

Tekst pokazuje, że polskie wino nie jest jedną prostą kategorią. Ważne są klimat, skala produkcji, decyzje winiarzy i to, jak szybko zmienia się jakość oraz styl win.

### Dlaczego warto znać ten kontekst przed degustacją?

Dzięki temu łatwiej rozumieć, skąd biorą się różnice między winami z poszczególnych winnic. Uczestnik nie musi znać terminologii, ale zyskuje punkt zaczepienia do rozmowy i porównywania kieliszków.

### Czy ta wiedza przydaje się podczas wydarzenia w Jaśle?

Tak, bo wydarzenie Międzynarodowe Dni Wina w Jaśle pozwala zobaczyć ten temat w praktyce, nie tylko w opisie. Można porównać style, zapytać producentów o ich decyzje i sprawdzić, jak teoria przekłada się na konkretne wino.

### Od czego zacząć, jeśli temat jest nowy?

Najlepiej zacząć od prostego porównania kilku win i spokojnego zadawania pytań. Ten artykuł ma dać podstawy, a nie zamykać temat w jednej definicji.

## Uwagi do tego materiału

Jeśli chcesz zgłosić korektę merytoryczną, doprecyzowanie albo sugestię zmiany, wpisz ją w formularzu recenzji.","Roboczy artykuł do recenzji merytorycznej w ramach materiałów Międzynarodowych Dni Wina w Jaśle 2026.","2026-07-31 00:00:00","draft","Polskie winiarstwo","Polskie wino - co warto wiedzieć na... - Miedzynarodowe Dni ","Roboczy artykuł do recenzji merytorycznej w ramach materiałów Międzynarodowych Dni Wina w Jaśle 2026. Artykul z Miedzynarodowych Dni Wina.","polskie wino","Polskie winiarstwo; wino; MDW"
"Rocznik ma znaczenie - jak pogoda wpływa na wina z regionu","rocznik-ma-znaczenie-jak-pogoda-wplywa-na-wina-z-regionu","## FAQ

### Co ten artykuł pomaga zrozumieć o polskim winie?

Tekst pokazuje, że polskie wino nie jest jedną prostą kategorią. Ważne są klimat, skala produkcji, decyzje winiarzy i to, jak szybko zmienia się jakość oraz styl win.

### Dlaczego warto znać ten kontekst przed degustacją?

Dzięki temu łatwiej rozumieć, skąd biorą się różnice między winami z poszczególnych winnic. Uczestnik nie musi znać terminologii, ale zyskuje punkt zaczepienia do rozmowy i porównywania kieliszków.

### Czy ta wiedza przydaje się podczas wydarzenia w Jaśle?

Tak, bo wydarzenie Międzynarodowe Dni Wina w Jaśle pozwala zobaczyć ten temat w praktyce, nie tylko w opisie. Można porównać style, zapytać producentów o ich decyzje i sprawdzić, jak teoria przekłada się na konkretne wino.

### Od czego zacząć, jeśli temat jest nowy?

Najlepiej zacząć od prostego porównania kilku win i spokojnego zadawania pytań. Ten artykuł ma dać podstawy, a nie zamykać temat w jednej definicji.

## Uwagi do tego materiału

Jeśli chcesz zgłosić korektę merytoryczną, doprecyzowanie albo sugestię zmiany, wpisz ją w formularzu recenzji.","Roboczy artykuł do recenzji merytorycznej w ramach materiałów Międzynarodowych Dni Wina w Jaśle 2026.","2026-08-03 00:00:00","draft","Polskie winiarstwo","Rocznik ma znaczenie - jak pogoda w... - Miedzynarodowe Dni ","Roboczy artykuł do recenzji merytorycznej w ramach materiałów Międzynarodowych Dni Wina w Jaśle 2026. Artykul z Miedzynarodowych Dni Wina.","wino","Polskie winiarstwo; wino; MDW"
"Czy trzeba znać się na winie, żeby przyjść na Międzynarodowych Dniach Wina w Jaśle","czy-trzeba-znac-sie-na-winie-zeby-przyjsc-na-miedzynarodowych-dniach-wina-w-jasle","## FAQ

### Czy ten tekst jest dla osób bez doświadczenia w degustacji?

Tak, tekst zakłada, że uczestnik może przyjść bez specjalistycznej wiedzy. Ma pomóc wejść w wydarzenie spokojnie i bez poczucia, że trzeba coś udawać.

### Co warto zrobić przed przyjściem na degustację?

Wystarczy nastawić się na próbowanie, porównywanie i rozmowę. Dobrze jest mieć kilka prostych pytań, ale nie trzeba znać nazw szczepów ani profesjonalnego słownika.

### Jak wykorzystać te wskazówki na miejscu?

Najlepiej potraktować je jako pomoc w poruszaniu się między stoiskami i w rozmowie z winiarzami. Podczas wydarzenia Międzynarodowe Dni Wina w Jaśle najwięcej daje bezpośredni kontakt z producentem i uważne sprawdzanie własnych wrażeń.

### Czy można zadawać podstawowe pytania?

Tak, podstawowe pytania są często najlepszym początkiem rozmowy. Winiarz może wtedy wyjaśnić styl wina, rocznik, odmianę i decyzje, których nie widać na etykiecie.

## Uwagi do tego materiału

Jeśli chcesz zgłosić korektę merytoryczną, doprecyzowanie albo sugestię zmiany, wpisz ją w formularzu recenzji.","Roboczy artykuł do recenzji merytorycznej w ramach materiałów Międzynarodowych Dni Wina w Jaśle 2026.","2026-07-29 00:00:00","draft","Uczestnik i degustacja","Czy trzeba znać się na winie, żeby ... - Miedzynarodowe Dni ","Roboczy artykuł do recenzji merytorycznej w ramach materiałów Międzynarodowych Dni Wina w Jaśle 2026. Artykul z Miedzynarodowych Dni Wina.","wino","Uczestnik i degustacja; wino; MDW"
"Jak czytać etykiety win i co naprawdę z nich wynika","jak-czytac-etykiety-win-i-co-naprawde-z-nich-wynika","## FAQ

### Czy ten tekst jest dla osób bez doświadczenia w degustacji?

Tak, tekst zakłada, że uczestnik może przyjść bez specjalistycznej wiedzy. Ma pomóc wejść w wydarzenie spokojnie i bez poczucia, że trzeba coś udawać.

### Co warto zrobić przed przyjściem na degustację?

Wystarczy nastawić się na próbowanie, porównywanie i rozmowę. Dobrze jest mieć kilka prostych pytań, ale nie trzeba znać nazw szczepów ani profesjonalnego słownika.

### Jak wykorzystać te wskazówki na miejscu?

Najlepiej potraktować je jako pomoc w poruszaniu się między stoiskami i w rozmowie z winiarzami. Podczas wydarzenia Międzynarodowe Dni Wina w Jaśle najwięcej daje bezpośredni kontakt z producentem i uważne sprawdzanie własnych wrażeń.

### Czy można zadawać podstawowe pytania?

Tak, podstawowe pytania są często najlepszym początkiem rozmowy. Winiarz może wtedy wyjaśnić styl wina, rocznik, odmianę i decyzje, których nie widać na etykiecie.

## Uwagi do tego materiału

Jeśli chcesz zgłosić korektę merytoryczną, doprecyzowanie albo sugestię zmiany, wpisz ją w formularzu recenzji.","Roboczy artykuł do recenzji merytorycznej w ramach materiałów Międzynarodowych Dni Wina w Jaśle 2026.","2026-08-07 00:00:00","draft","Uczestnik i degustacja","Jak czytać etykiety win i co napraw... - Miedzynarodowe Dni ","Roboczy artykuł do recenzji merytorycznej w ramach materiałów Międzynarodowych Dni Wina w Jaśle 2026. Artykul z Miedzynarodowych Dni Wina.","wino","Uczestnik i degustacja; wino; MDW"
"Jak odnaleźć się na degustacji, jeśli robisz to pierwszy raz","jak-odnalezc-sie-na-degustacji-jesli-robisz-to-pierwszy-raz","## FAQ

### Czy ten tekst jest dla osób bez doświadczenia w degustacji?

Tak, tekst zakłada, że uczestnik może przyjść bez specjalistycznej wiedzy. Ma pomóc wejść w wydarzenie spokojnie i bez poczucia, że trzeba coś udawać.

### Co warto zrobić przed przyjściem na degustację?

Wystarczy nastawić się na próbowanie, porównywanie i rozmowę. Dobrze jest mieć kilka prostych pytań, ale nie trzeba znać nazw szczepów ani profesjonalnego słownika.

### Jak wykorzystać te wskazówki na miejscu?

Najlepiej potraktować je jako pomoc w poruszaniu się między stoiskami i w rozmowie z winiarzami. Podczas wydarzenia Międzynarodowe Dni Wina w Jaśle najwięcej daje bezpośredni kontakt z producentem i uważne sprawdzanie własnych wrażeń.

### Czy można zadawać podstawowe pytania?

Tak, podstawowe pytania są często najlepszym początkiem rozmowy. Winiarz może wtedy wyjaśnić styl wina, rocznik, odmianę i decyzje, których nie widać na etykiecie.

## Uwagi do tego materiału

Jeśli chcesz zgłosić korektę merytoryczną, doprecyzowanie albo sugestię zmiany, wpisz ją w formularzu recenzji.","Roboczy artykuł do recenzji merytorycznej w ramach materiałów Międzynarodowych Dni Wina w Jaśle 2026.","2026-08-10 00:00:00","draft","Uczestnik i degustacja","Jak odnaleźć się na degustacji, jeś... - Miedzynarodowe Dni ","Roboczy artykuł do recenzji merytorycznej w ramach materiałów Międzynarodowych Dni Wina w Jaśle 2026. Artykul z Miedzynarodowych Dni Wina.","wino","Uczestnik i degustacja; wino; MDW; degustacja"
"Jak przygotować się do wydarzenia winiarskiego, żeby wynieść z niego więcej niż tylko degustację","jak-przygotowac-sie-do-wydarzenia-winiarskiego-zeby-wyniesc-z-niego-wiecej-niz-tylko-degustacje","## FAQ

### Czy ten tekst jest dla osób bez doświadczenia w degustacji?

Tak, tekst zakłada, że uczestnik może przyjść bez specjalistycznej wiedzy. Ma pomóc wejść w wydarzenie spokojnie i bez poczucia, że trzeba coś udawać.

### Co warto zrobić przed przyjściem na degustację?

Wystarczy nastawić się na próbowanie, porównywanie i rozmowę. Dobrze jest mieć kilka prostych pytań, ale nie trzeba znać nazw szczepów ani profesjonalnego słownika.

### Jak wykorzystać te wskazówki na miejscu?

Najlepiej potraktować je jako pomoc w poruszaniu się między stoiskami i w rozmowie z winiarzami. Podczas wydarzenia Międzynarodowe Dni Wina w Jaśle najwięcej daje bezpośredni kontakt z producentem i uważne sprawdzanie własnych wrażeń.

### Czy można zadawać podstawowe pytania?

Tak, podstawowe pytania są często najlepszym początkiem rozmowy. Winiarz może wtedy wyjaśnić styl wina, rocznik, odmianę i decyzje, których nie widać na etykiecie.

## Uwagi do tego materiału

Jeśli chcesz zgłosić korektę merytoryczną, doprecyzowanie albo sugestię zmiany, wpisz ją w formularzu recenzji.","Roboczy artykuł do recenzji merytorycznej w ramach materiałów Międzynarodowych Dni Wina w Jaśle 2026.","2026-08-05 00:00:00","draft","Uczestnik i degustacja","Jak przygotować się do wydarzenia w... - Miedzynarodowe Dni ","Roboczy artykuł do recenzji merytorycznej w ramach materiałów Międzynarodowych Dni Wina w Jaśle 2026. Artykul z Miedzynarodowych Dni Wina.","wino","Uczestnik i degustacja; wino; MDW; degustacja"
"Jak rozmawiać z winiarzem - o co warto zapytać podczas wydarzenia","jak-rozmawiac-z-winiarzem-o-co-warto-zapytac-podczas-wydarzenia","## FAQ

### Czy ten tekst jest dla osób bez doświadczenia w degustacji?

Tak, tekst zakłada, że uczestnik może przyjść bez specjalistycznej wiedzy. Ma pomóc wejść w wydarzenie spokojnie i bez poczucia, że trzeba coś udawać.

### Co warto zrobić przed przyjściem na degustację?

Wystarczy nastawić się na próbowanie, porównywanie i rozmowę. Dobrze jest mieć kilka prostych pytań, ale nie trzeba znać nazw szczepów ani profesjonalnego słownika.

### Jak wykorzystać te wskazówki na miejscu?

Najlepiej potraktować je jako pomoc w poruszaniu się między stoiskami i w rozmowie z winiarzami. Podczas wydarzenia Międzynarodowe Dni Wina w Jaśle najwięcej daje bezpośredni kontakt z producentem i uważne sprawdzanie własnych wrażeń.

### Czy można zadawać podstawowe pytania?

Tak, podstawowe pytania są często najlepszym początkiem rozmowy. Winiarz może wtedy wyjaśnić styl wina, rocznik, odmianę i decyzje, których nie widać na etykiecie.

## Uwagi do tego materiału

Jeśli chcesz zgłosić korektę merytoryczną, doprecyzowanie albo sugestię zmiany, wpisz ją w formularzu recenzji.","Roboczy artykuł do recenzji merytorycznej w ramach materiałów Międzynarodowych Dni Wina w Jaśle 2026.","2026-08-14 00:00:00","draft","Uczestnik i degustacja","Jak rozmawiać z winiarzem - o co wa... - Miedzynarodowe Dni ","Roboczy artykuł do recenzji merytorycznej w ramach materiałów Międzynarodowych Dni Wina w Jaśle 2026. Artykul z Miedzynarodowych Dni Wina.","wino","Uczestnik i degustacja; wino; MDW"
"Międzynarodowe Dni Wina w Jaśle oczami uczestnika","miedzynarodowe-dni-wina-w-jasle-oczami-uczestnika","## FAQ

### Czy ten tekst jest dla osób bez doświadczenia w degustacji?

Tak, tekst zakłada, że uczestnik może przyjść bez specjalistycznej wiedzy. Ma pomóc wejść w wydarzenie spokojnie i bez poczucia, że trzeba coś udawać.

### Co warto zrobić przed przyjściem na degustację?

Wystarczy nastawić się na próbowanie, porównywanie i rozmowę. Dobrze jest mieć kilka prostych pytań, ale nie trzeba znać nazw szczepów ani profesjonalnego słownika.

### Jak wykorzystać te wskazówki na miejscu?

Najlepiej potraktować je jako pomoc w poruszaniu się między stoiskami i w rozmowie z winiarzami. Podczas wydarzenia Międzynarodowe Dni Wina w Jaśle najwięcej daje bezpośredni kontakt z producentem i uważne sprawdzanie własnych wrażeń.

### Czy można zadawać podstawowe pytania?

Tak, podstawowe pytania są często najlepszym początkiem rozmowy. Winiarz może wtedy wyjaśnić styl wina, rocznik, odmianę i decyzje, których nie widać na etykiecie.

## Uwagi do tego materiału

Jeśli chcesz zgłosić korektę merytoryczną, doprecyzowanie albo sugestię zmiany, wpisz ją w formularzu recenzji.","Roboczy artykuł do recenzji merytorycznej w ramach materiałów Międzynarodowych Dni Wina w Jaśle 2026.","2026-08-17 00:00:00","draft","Uczestnik i degustacja","Międzynarodowe Dni Wina w Jaśle ocz... - Miedzynarodowe Dni ","Roboczy artykuł do recenzji merytorycznej w ramach materiałów Międzynarodowych Dni Wina w Jaśle 2026. Artykul z Miedzynarodowych Dni Wina.","wino","Uczestnik i degustacja; wino; MDW; degustacja"
"Najczęstsze błędy podczas degustacji - i dlaczego nie trzeba się nimi przejmować","najczestsze-bledy-podczas-degustacji-i-dlaczego-nie-trzeba-sie-nimi-przejmowac","## FAQ

### Czy ten tekst jest dla osób bez doświadczenia w degustacji?

Tak, tekst zakłada, że uczestnik może przyjść bez specjalistycznej wiedzy. Ma pomóc wejść w wydarzenie spokojnie i bez poczucia, że trzeba coś udawać.

### Co warto zrobić przed przyjściem na degustację?

Wystarczy nastawić się na próbowanie, porównywanie i rozmowę. Dobrze jest mieć kilka prostych pytań, ale nie trzeba znać nazw szczepów ani profesjonalnego słownika.

### Jak wykorzystać te wskazówki na miejscu?

Najlepiej potraktować je jako pomoc w poruszaniu się między stoiskami i w rozmowie z winiarzami. Podczas wydarzenia Międzynarodowe Dni Wina w Jaśle najwięcej daje bezpośredni kontakt z producentem i uważne sprawdzanie własnych wrażeń.

### Czy można zadawać podstawowe pytania?

Tak, podstawowe pytania są często najlepszym początkiem rozmowy. Winiarz może wtedy wyjaśnić styl wina, rocznik, odmianę i decyzje, których nie widać na etykiecie.

## Uwagi do tego materiału

Jeśli chcesz zgłosić korektę merytoryczną, doprecyzowanie albo sugestię zmiany, wpisz ją w formularzu recenzji.","Roboczy artykuł do recenzji merytorycznej w ramach materiałów Międzynarodowych Dni Wina w Jaśle 2026.","2026-08-12 00:00:00","draft","Uczestnik i degustacja","Najczęstsze błędy podczas degustacj... - Miedzynarodowe Dni ","Roboczy artykuł do recenzji merytorycznej w ramach materiałów Międzynarodowych Dni Wina w Jaśle 2026. Artykul z Miedzynarodowych Dni Wina.","wino","Uczestnik i degustacja; wino; MDW; degustacja"
"Nie tylko degustacja - o spotkaniach i rozmowach podczas wydarzenia","nie-tylko-degustacja-o-spotkaniach-i-rozmowach-podczas-wydarzenia","## FAQ

### Czy ten tekst jest dla osób bez doświadczenia w degustacji?

Tak, tekst zakłada, że uczestnik może przyjść bez specjalistycznej wiedzy. Ma pomóc wejść w wydarzenie spokojnie i bez poczucia, że trzeba coś udawać.

### Co warto zrobić przed przyjściem na degustację?

Wystarczy nastawić się na próbowanie, porównywanie i rozmowę. Dobrze jest mieć kilka prostych pytań, ale nie trzeba znać nazw szczepów ani profesjonalnego słownika.

### Jak wykorzystać te wskazówki na miejscu?

Najlepiej potraktować je jako pomoc w poruszaniu się między stoiskami i w rozmowie z winiarzami. Podczas wydarzenia Międzynarodowe Dni Wina w Jaśle najwięcej daje bezpośredni kontakt z producentem i uważne sprawdzanie własnych wrażeń.

### Czy można zadawać podstawowe pytania?

Tak, podstawowe pytania są często najlepszym początkiem rozmowy. Winiarz może wtedy wyjaśnić styl wina, rocznik, odmianę i decyzje, których nie widać na etykiecie.

## Uwagi do tego materiału

Jeśli chcesz zgłosić korektę merytoryczną, doprecyzowanie albo sugestię zmiany, wpisz ją w formularzu recenzji.","Roboczy artykuł do recenzji merytorycznej w ramach materiałów Międzynarodowych Dni Wina w Jaśle 2026.","2026-08-21 00:00:00","draft","Uczestnik i degustacja","Nie tylko degustacja - o spotkaniac... - Miedzynarodowe Dni ","Roboczy artykuł do recenzji merytorycznej w ramach materiałów Międzynarodowych Dni Wina w Jaśle 2026. Artykul z Miedzynarodowych Dni Wina.","wino","Uczestnik i degustacja; wino; MDW; degustacja"
"Pierwszy raz na Międzynarodowych Dniach Wina w Jaśle - co warto wiedzieć przed przyjazdem","pierwszy-raz-na-miedzynarodowych-dniach-wina-w-jasle-co-warto-wiedziec-przed-przyjazdem","## FAQ

### Czy ten tekst jest dla osób bez doświadczenia w degustacji?

Tak, tekst zakłada, że uczestnik może przyjść bez specjalistycznej wiedzy. Ma pomóc wejść w wydarzenie spokojnie i bez poczucia, że trzeba coś udawać.

### Co warto zrobić przed przyjściem na degustację?

Wystarczy nastawić się na próbowanie, porównywanie i rozmowę. Dobrze jest mieć kilka prostych pytań, ale nie trzeba znać nazw szczepów ani profesjonalnego słownika.

### Jak wykorzystać te wskazówki na miejscu?

Najlepiej potraktować je jako pomoc w poruszaniu się między stoiskami i w rozmowie z winiarzami. Podczas wydarzenia Międzynarodowe Dni Wina w Jaśle najwięcej daje bezpośredni kontakt z producentem i uważne sprawdzanie własnych wrażeń.

### Czy można zadawać podstawowe pytania?

Tak, podstawowe pytania są często najlepszym początkiem rozmowy. Winiarz może wtedy wyjaśnić styl wina, rocznik, odmianę i decyzje, których nie widać na etykiecie.

## Uwagi do tego materiału

Jeśli chcesz zgłosić korektę merytoryczną, doprecyzowanie albo sugestię zmiany, wpisz ją w formularzu recenzji.","Roboczy artykuł do recenzji merytorycznej w ramach materiałów Międzynarodowych Dni Wina w Jaśle 2026.","2026-08-24 00:00:00","draft","Uczestnik i degustacja","Pierwszy raz na Międzynarodowych Dn... - Miedzynarodowe Dni ","Roboczy artykuł do recenzji merytorycznej w ramach materiałów Międzynarodowych Dni Wina w Jaśle 2026. Artykul z Miedzynarodowych Dni Wina.","wino","Uczestnik i degustacja; wino; MDW"
"Czym naprawdę są Międzynarodowe Dni Wina w Jaśle","czym-naprawde-sa-miedzynarodowe-dni-wina-w-jasle","## FAQ

### Co wyróżnia Międzynarodowe Dni Wina w Jaśle?

Wydarzenie zbiera w jednym miejscu winiarzy, uczestników i kontekst regionu, który od lat buduje swoją winiarską tożsamość. Najważniejsze jest pokazanie, że to nie tylko degustacja, ale także spotkanie i przegląd polskiego winiarstwa.

### Czy wydarzenie jest tylko dla osób dobrze znających wino?

Nie, Międzynarodowe Dni Wina w Jaśle są dostępne także dla osób, które dopiero zaczynają. Można przyjść z ciekawości, zadawać proste pytania i poznawać wina przez bezpośrednie doświadczenie.

### Co można zrozumieć dzięki temu tekstowi przed przyjazdem?

Tekst pomaga uporządkować oczekiwania wobec wydarzenia. Pokazuje, czego szukać na miejscu, dlaczego rozmowy z winiarzami są ważne i jak patrzeć na różnorodność prezentowanych win.

### Dlaczego kontekst Jasła jest tu istotny?

Jasło nie jest przypadkową lokalizacją, tylko miejscem mocno związanym z rozwojem winiarstwa w regionie. Dzięki temu wydarzenie ma lokalne zakorzenienie, a nie jest jedynie zbiorem stoisk degustacyjnych.

## Uwagi do tego materiału

Jeśli chcesz zgłosić korektę merytoryczną, doprecyzowanie albo sugestię zmiany, wpisz ją w formularzu recenzji.","Roboczy artykuł do recenzji merytorycznej w ramach materiałów Międzynarodowych Dni Wina w Jaśle 2026.","2026-08-19 00:00:00","draft","Wydarzenie","Czym naprawdę są Międzynarodowe Dni... - Miedzynarodowe Dni ","Roboczy artykuł do recenzji merytorycznej w ramach materiałów Międzynarodowych Dni Wina w Jaśle 2026. Artykul z Miedzynarodowych Dni Wina.","wino","Wydarzenie; wino; MDW"
"Międzynarodowe Dni Wina w Jaśle jako przekrój polskiego winiarstwa - czego można się spodziewać","miedzynarodowe-dni-wina-w-jasle-jako-przekroj-polskiego-winiarstwa-czego-mozna-sie-spodziewac","## FAQ

### Co wyróżnia Międzynarodowe Dni Wina w Jaśle?

Wydarzenie zbiera w jednym miejscu winiarzy, uczestników i kontekst regionu, który od lat buduje swoją winiarską tożsamość. Najważniejsze jest pokazanie, że to nie tylko degustacja, ale także spotkanie i przegląd polskiego winiarstwa.

### Czy wydarzenie jest tylko dla osób dobrze znających wino?

Nie, Międzynarodowe Dni Wina w Jaśle są dostępne także dla osób, które dopiero zaczynają. Można przyjść z ciekawości, zadawać proste pytania i poznawać wina przez bezpośrednie doświadczenie.

### Co można zrozumieć dzięki temu tekstowi przed przyjazdem?

Tekst pomaga uporządkować oczekiwania wobec wydarzenia. Pokazuje, czego szukać na miejscu, dlaczego rozmowy z winiarzami są ważne i jak patrzeć na różnorodność prezentowanych win.

### Dlaczego kontekst Jasła jest tu istotny?

Jasło nie jest przypadkową lokalizacją, tylko miejscem mocno związanym z rozwojem winiarstwa w regionie. Dzięki temu wydarzenie ma lokalne zakorzenienie, a nie jest jedynie zbiorem stoisk degustacyjnych.

## Uwagi do tego materiału

Jeśli chcesz zgłosić korektę merytoryczną, doprecyzowanie albo sugestię zmiany, wpisz ją w formularzu recenzji.","Roboczy artykuł do recenzji merytorycznej w ramach materiałów Międzynarodowych Dni Wina w Jaśle 2026.","2026-08-28 00:00:00","draft","Wydarzenie","Międzynarodowe Dni Wina w Jaśle jak... - Miedzynarodowe Dni ","Roboczy artykuł do recenzji merytorycznej w ramach materiałów Międzynarodowych Dni Wina w Jaśle 2026. Artykul z Miedzynarodowych Dni Wina.","wino","Wydarzenie; wino; MDW; Polskie winiarstwo"
"Od winnicy do wydarzenia - skąd bierze się to doświadczenie","od-winnicy-do-wydarzenia-skad-bierze-sie-to-doswiadczenie","## FAQ

### Co wyróżnia Międzynarodowe Dni Wina w Jaśle?

Wydarzenie zbiera w jednym miejscu winiarzy, uczestników i kontekst regionu, który od lat buduje swoją winiarską tożsamość. Najważniejsze jest pokazanie, że to nie tylko degustacja, ale także spotkanie i przegląd polskiego winiarstwa.

### Czy wydarzenie jest tylko dla osób dobrze znających wino?

Nie, Międzynarodowe Dni Wina w Jaśle są dostępne także dla osób, które dopiero zaczynają. Można przyjść z ciekawości, zadawać proste pytania i poznawać wina przez bezpośrednie doświadczenie.

### Co można zrozumieć dzięki temu tekstowi przed przyjazdem?

Tekst pomaga uporządkować oczekiwania wobec wydarzenia. Pokazuje, czego szukać na miejscu, dlaczego rozmowy z winiarzami są ważne i jak patrzeć na różnorodność prezentowanych win.

### Dlaczego kontekst Jasła jest tu istotny?

Jasło nie jest przypadkową lokalizacją, tylko miejscem mocno związanym z rozwojem winiarstwa w regionie. Dzięki temu wydarzenie ma lokalne zakorzenienie, a nie jest jedynie zbiorem stoisk degustacyjnych.

## Uwagi do tego materiału

Jeśli chcesz zgłosić korektę merytoryczną, doprecyzowanie albo sugestię zmiany, wpisz ją w formularzu recenzji.","Roboczy artykuł do recenzji merytorycznej w ramach materiałów Międzynarodowych Dni Wina w Jaśle 2026.","2026-08-31 00:00:00","draft","Wydarzenie","Od winnicy do wydarzenia - skąd bie... - Miedzynarodowe Dni ","Roboczy artykuł do recenzji merytorycznej w ramach materiałów Międzynarodowych Dni Wina w Jaśle 2026. Artykul z Miedzynarodowych Dni Wina.","wino","Wydarzenie; wino; MDW"
"Polskie winnice w jednym miejscu - co wyróżnia Międzynarodowe Dni Wina w Jaśle na tle innych wydarzeń","polskie-winnice-w-jednym-miejscu-co-wyroznia-miedzynarodowe-dni-wina-w-jasle-na-tle-innych-wydarzen","## FAQ

### Co wyróżnia Międzynarodowe Dni Wina w Jaśle?

Wydarzenie zbiera w jednym miejscu winiarzy, uczestników i kontekst regionu, który od lat buduje swoją winiarską tożsamość. Najważniejsze jest pokazanie, że to nie tylko degustacja, ale także spotkanie i przegląd polskiego winiarstwa.

### Czy wydarzenie jest tylko dla osób dobrze znających wino?

Nie, Międzynarodowe Dni Wina w Jaśle są dostępne także dla osób, które dopiero zaczynają. Można przyjść z ciekawości, zadawać proste pytania i poznawać wina przez bezpośrednie doświadczenie.

### Co można zrozumieć dzięki temu tekstowi przed przyjazdem?

Tekst pomaga uporządkować oczekiwania wobec wydarzenia. Pokazuje, czego szukać na miejscu, dlaczego rozmowy z winiarzami są ważne i jak patrzeć na różnorodność prezentowanych win.

### Dlaczego kontekst Jasła jest tu istotny?

Jasło nie jest przypadkową lokalizacją, tylko miejscem mocno związanym z rozwojem winiarstwa w regionie. Dzięki temu wydarzenie ma lokalne zakorzenienie, a nie jest jedynie zbiorem stoisk degustacyjnych.

## Uwagi do tego materiału

Jeśli chcesz zgłosić korektę merytoryczną, doprecyzowanie albo sugestię zmiany, wpisz ją w formularzu recenzji.","Roboczy artykuł do recenzji merytorycznej w ramach materiałów Międzynarodowych Dni Wina w Jaśle 2026.","2026-08-26 00:00:00","draft","Wydarzenie","Polskie winnice w jednym miejscu - ... - Miedzynarodowe Dni ","Roboczy artykuł do recenzji merytorycznej w ramach materiałów Międzynarodowych Dni Wina w Jaśle 2026. Artykul z Miedzynarodowych Dni Wina.","wino","Wydarzenie; wino; MDW; Polskie winiarstwo"
